bedrooms,bathrooms,area,zipcode,price,log_price,zipcode_encoded
0.536639067164217,1.342907072087035,1.3798257055212595,85255,869500,13.67567476286207,1.4624983094693453
0.536639067164217,0.3370193807092769,0.7994815536293961,36372,865200,13.6707171288625,0.8177332783778202
-0.32552880350502067,1.342907072087035,1.2735655086959887,85266,889000,13.697853639354802,1.1401216781071686
1.3988069378334547,2.3487947634647934,1.3544867355090795,85262,910000,13.721200977393528,1.9372463688772084
-0.32552880350502067,1.342907072087035,1.4313210316750444,85266,971226,13.786315499559919,1.1401216781071686
0.536639067164217,2.3487947634647934,1.8114055818577437,85266,1249000,14.037854589747907,1.1401216781071686
-0.32552880350502067,1.342907072087035,0.14639003621869368,85262,799000,13.591117476312084,1.9372463688772084
0.536639067164217,2.3487947634647934,2.582200701905669,85266,1698000,14.344962234781407,1.1401216781071686
-0.32552880350502067,1.342907072087035,1.5236856643000876,85255,1749000,14.374555325755864,1.4624983094693453
0.536639067164217,2.3487947634647934,0.9686804824204042,85262,1500000,14.220976332738882,1.9372463688772084
1.3988069378334547,2.3487947634647934,2.0141173419551834,85266,519200,13.160046370410225,1.1401216781071686
0.536639067164217,1.342907072087035,0.8689593746305347,85255,1039000,13.853770232544809,1.4624983094693453
1.3988069378334547,0.3370193807092769,2.5315227618813094,85266,799000,13.591117476312084,1.1401216781071686
0.536639067164217,1.342907072087035,1.3536693493796543,85266,889000,13.697853639354802,1.1401216781071686
1.3988069378334547,2.3487947634647934,1.6683630092083408,85266,700000,13.45883704259595,1.1401216781071686
0.536639067164217,1.342907072087035,1.1084535105521065,85255,500000,13.122365377402328,1.4624983094693453
1.3988069378334547,0.3370193807092769,1.0994622631284297,85331,740000,13.51440681653079,0.4465715546673689
-0.32552880350502067,1.342907072087035,0.31313680662142623,85255,725000,13.493928313146206,1.4624983094693453
1.3988069378334547,1.342907072087035,1.4918076052525062,85255,1199000,13.99699926803766,1.4624983094693453
-0.32552880350502067,0.839963226398156,1.4533904571695238,85266,925000,13.73755009757506,1.1401216781071686
-0.32552880350502067,0.839963226398156,1.5236856643000876,85255,1749000,14.374555325755864,1.4624983094693453
2.2609748085026924,3.857626300531431,2.941033212723314,85262,1595000,14.282384921160133,1.9372463688772084
-0.32552880350502067,0.3370193807092769,0.2616414804676412,85255,799900,13.592243248992402,1.4624983094693453
1.3988069378334547,2.3487947634647934,2.7072607797077186,85377,1375000,14.13396501635527,2.2292545940008464
0.536639067164217,1.8458509177759144,1.361843210673906,85262,1345000,14.111905314512224,1.9372463688772084
0.536639067164217,1.342907072087035,2.1162906081333284,85262,1290000,14.070153551531353,1.9372463688772084
0.536639067164217,1.8458509177759144,0.9686804824204042,85262,962500,13.777290384104576,1.9372463688772084
1.3988069378334547,1.8458509177759144,1.4836337439582548,85266,875000,13.681980308196241,1.1401216781071686
0.536639067164217,1.342907072087035,1.715771404715,85377,1650000,14.316286451937186,2.2292545940008464
1.3988069378334547,1.8458509177759144,2.0141173419551834,85266,1199000,13.99699926803766,1.1401216781071686
1.3988069378334547,0.3370193807092769,0.12677276911248986,93446,789000,13.578522867254332,-0.02360094062638883
0.536639067164217,0.839963226398156,0.8689593746305347,85255,1039000,13.853770232544809,1.4624983094693453
-0.32552880350502067,-0.6688683106684814,-0.4601104718147747,93446,365000,12.807655372286902,-0.02360094062638883
-0.32552880350502067,0.839963226398156,0.41531007279957116,85262,1695000,14.343193888767015,1.9372463688772084
0.536639067164217,1.342907072087035,0.7316385048871079,85377,999000,13.81451105863119,2.2292545940008464
-0.32552880350502067,1.8458509177759144,1.249043924813234,85255,1294000,14.073249526840211,1.4624983094693453
1.3988069378334547,2.8517386091536725,1.280921983860815,85262,1089000,13.900771320188321,1.9372463688772084
-0.32552880350502067,0.839963226398156,0.34910179631613325,85255,799900,13.592243248992402,1.4624983094693453
-0.32552880350502067,1.8458509177759144,1.5228682781706624,85255,1229000,14.021712202217492,1.4624983094693453
-0.32552880350502067,0.3370193807092769,-0.1789296432925198,93446,455000,13.02805489573287,-0.02360094062638883
0.536639067164217,-1.6747560020462398,5.899971001242392,98021,395000,12.886643575525625,-0.2665955384988029
1.3988069378334547,-0.6688683106684814,4.3011637320867795,98021,638940,13.367567397328443,-0.2665955384988029
-0.32552880350502067,-0.6688683106684814,-0.1732079403865437,98021,435000,12.983103608918753,-0.2665955384988029
-0.32552880350502067,-0.16592446497960228,-0.28682461237664086,98021,528800,13.178367458591955,-0.2665955384988029
0.536639067164217,-0.6688683106684814,-0.35711981950720456,81524,350000,12.765691290604371,-0.32297212602138103
-0.32552880350502067,0.3370193807092769,-0.18873827684562172,81524,425000,12.959846800844963,-0.32297212602138103
0.536639067164217,0.3370193807092769,0.1136945910416873,81524,500000,13.122365377402328,-0.32297212602138103
-0.32552880350502067,0.3370193807092769,0.07936437360583061,81524,589900,13.287710005192306,-0.32297212602138103
0.536639067164217,0.3370193807092769,1.2580351722369107,81418,419000,12.945628585536271,-0.5109782596974535
-0.32552880350502067,-0.6688683106684814,-0.27047688978813766,81418,415000,12.936036208848487,-0.5109782596974535
-0.32552880350502067,-0.6688683106684814,-0.6301267867352078,81521,214900,12.277932735946903,-1.110113917539963
0.536639067164217,-0.6688683106684814,0.4839705076712846,81524,699900,13.45869417545215,-0.32297212602138103
-0.32552880350502067,0.3370193807092769,-0.38491094790766,81524,449000,13.014780393893403,-0.32297212602138103
0.536639067164217,-0.6688683106684814,-0.19364259362217268,81524,249900,12.428820118415677,-0.32297212602138103
1.3988069378334547,0.3370193807092769,0.737360207793084,81524,595999,13.297995946047488,-0.32297212602138103
-0.32552880350502067,0.3370193807092769,0.38506678601084027,81524,535000,13.190023895035274,-0.32297212602138103
0.536639067164217,0.3370193807092769,-0.15604283166861535,81524,439900,12.994304980578146,-0.32297212602138103
-0.32552880350502067,-0.6688683106684814,-0.7004219938657716,81524,450000,13.017005083966255,-0.32297212602138103
-0.32552880350502067,-0.6688683106684814,-0.06286081291414715,62214,196000,12.185875040240456,-1.2122426825705146
-0.32552880350502067,-0.6688683106684814,-0.5361273818513145,62234,104900,11.560772327227417,-1.1808396225372764
-0.32552880350502067,-0.16592446497960228,-0.4813625111798288,62034,209900,12.254391269970792,-1.1249366700843102
1.3988069378334547,0.839963226398156,1.7942404731398154,62025,520000,13.161586013632684,-0.6059921035067184
0.536639067164217,0.3370193807092769,0.26245886659706635,62025,249900,12.428820118415677,-0.6059921035067184
-0.32552880350502067,-0.6688683106684814,-0.9513595355992955,62088,119000,11.686887175419702,-1.3944143113405405
0.536639067164217,-0.16592446497960228,0.3965101918227925,62234,218000,12.292254928916668,-1.1808396225372764
0.536639067164217,0.839963226398156,1.146870658635089,62234,254900,12.448630513463613,-1.1808396225372764
-0.32552880350502067,-0.16592446497960228,0.31477157888027657,62234,219500,12.299112067295642,-1.1808396225372764
0.536639067164217,0.3370193807092769,0.3973275779522177,62234,186500,12.136191879981927,-1.1808396225372764
0.536639067164217,-1.1718121563573607,-0.9080380707397621,62234,94500,11.456365695436427,-1.1808396225372764
0.536639067164217,1.8458509177759144,1.1239838470111845,62249,339900,12.736409677721657,-0.7395451039312857
-0.32552880350502067,-0.16592446497960228,0.7095690793926286,62234,259000,12.464587201678082,-1.1808396225372764
-0.32552880350502067,-0.6688683106684814,-0.06286081291414715,62214,196000,12.185875040240456,-1.2122426825705146
0.536639067164217,0.3370193807092769,-0.08901716905575226,62214,144900,11.88380602959621,-1.2122426825705146
-0.32552880350502067,-0.6688683106684814,-0.17239055425711852,60002,349900,12.765405536311112,-0.9527951038692926
0.536639067164217,0.839963226398156,-0.20345122717527458,60002,229000,12.34148164933907,-0.9527951038692926
-0.32552880350502067,-0.6688683106684814,-0.6252224699586569,62214,184900,12.127575825689417,-1.2122426825705146
-0.32552880350502067,-0.16592446497960228,-0.15767760392746566,60002,225000,12.323860125621126,-0.9527951038692926
0.536639067164217,-0.16592446497960228,0.7774121281349169,60046,289900,12.57729476436913,-0.8877726293747566
0.536639067164217,-0.6688683106684814,4.476084363783764,60016,299000,12.608202196848836,-0.9706318160976569
-0.32552880350502067,-0.6688683106684814,-0.9521769217287207,60016,224900,12.323415584358154,-0.9706318160976569
0.536639067164217,-0.16592446497960228,0.08099914586468092,91901,599000,13.303018546545275,0.4233645900729221
-1.1876966741742583,-0.6688683106684814,-0.4249628682494928,91901,529800,13.180256743323044,0.4233645900729221
-1.1876966741742583,-1.6747560020462398,-0.9652550997995233,91901,397500,12.89295272879663,0.4233645900729221
0.536639067164217,-0.16592446497960228,0.568161279002076,91901,699999,13.458835614025542,0.4233645900729221
-0.32552880350502067,-0.16592446497960228,0.3008760146800488,91901,689000,13.442998001373553,0.4233645900729221
-0.32552880350502067,-0.6688683106684814,-0.53857954023959,91901,529000,13.178745601197818,0.4233645900729221
1.3988069378334547,1.8458509177759144,2.0607083513324174,91901,1430000,14.173185701536545,0.4233645900729221
0.536639067164217,0.839963226398156,0.542822308989896,91901,825000,13.623139877437296,0.4233645900729221
0.536639067164217,-0.16592446497960228,0.2085113820550058,91901,619000,13.335862167174314,0.4233645900729221
3.12314267917193,1.342907072087035,0.4610836960473801,91901,625000,13.345508528717259,0.4233645900729221
0.536639067164217,0.839963226398156,0.7872207616880188,91901,1095000,13.90626583447433,0.4233645900729221
-0.32552880350502067,-0.6688683106684814,-0.09392148583230321,91901,625000,13.345508528717259,0.4233645900729221
-0.32552880350502067,-0.16592446497960228,0.38506678601084027,91901,979000,13.794287942962585,0.4233645900729221
-1.1876966741742583,-0.16592446497960228,-0.707778469030598,91901,539000,13.197472705176983,0.4233645900729221
-0.32552880350502067,-0.6688683106684814,-1.148349592790759,91901,65000,11.082157933374816,0.4233645900729221
-0.32552880350502067,-0.6688683106684814,0.25019807465568894,91901,521500,13.164466470966667,0.4233645900729221
1.3988069378334547,0.3370193807092769,1.1297055499171607,91901,925000,13.73755009757506,0.4233645900729221
-0.32552880350502067,-0.16592446497960228,-0.56391851025177,91901,470000,13.060490101343552,0.4233645900729221
0.536639067164217,-0.16592446497960228,0.6131175161204597,93446,629000,13.351888125506433,-0.02360094062638883
0.536639067164217,0.839963226398156,0.8673246023716844,91901,679000,13.428377879293798,0.4233645900729221
-0.32552880350502067,-0.6688683106684814,-0.8802469423393067,91901,549000,13.215855541983634,0.4233645900729221
0.536639067164217,1.342907072087035,1.3708344580975826,91901,769000,13.552847548877052,0.4233645900729221
-1.1876966741742583,-0.6688683106684814,-1.1115672169666269,91901,245900,12.412684294889793,0.4233645900729221
0.536639067164217,-0.16592446497960228,0.2951543117740727,91901,644900,13.37685209562527,0.4233645900729221
-0.32552880350502067,0.3370193807092769,-0.34976334434237816,91901,895000,13.704580114574805,0.4233645900729221
-0.32552880350502067,-0.16592446497960228,0.06546880940560289,91901,699000,13.457407451830088,0.4233645900729221
-0.32552880350502067,-0.6688683106684814,-0.44049320470857084,93446,529000,13.178745601197818,-0.02360094062638883
0.536639067164217,0.839963226398156,-1.0469937127420392,91901,875000,13.681980308196241,0.4233645900729221
0.536639067164217,0.3370193807092769,1.096192718610729,91901,848000,13.650637094018627,0.4233645900729221
1.3988069378334547,1.8458509177759144,2.0508997177793153,91901,1499000,14.22030944419592,0.4233645900729221
0.536639067164217,0.3370193807092769,0.7455340690873357,91901,669000,13.41354083387756,0.4233645900729221
-0.32552880350502067,0.839963226398156,1.572728832065597,91901,1195000,13.993657580167481,0.4233645900729221
1.3988069378334547,0.839963226398156,1.1550445199293407,91901,949000,13.76316513133229,0.4233645900729221
0.536639067164217,0.3370193807092769,-0.6145964502761299,91901,749900,13.527696476799726,0.4233645900729221
-0.32552880350502067,-0.6688683106684814,-0.8034126461733417,92021,429900,12.971310228604022,0.023503246592531172
-0.32552880350502067,-0.16592446497960228,0.7643339500641143,92021,935000,13.74830287778897,0.023503246592531172
0.536639067164217,-0.6688683106684814,-0.48544944182695465,92021,475000,13.07107218827772,0.023503246592531172
-0.32552880350502067,-0.16592446497960228,-0.36774583918973164,92021,485000,13.091906231773164,0.023503246592531172
-0.32552880350502067,-0.16592446497960228,-0.5598315796046441,92021,389000,12.871337193291367,0.023503246592531172
0.536639067164217,-0.6688683106684814,-0.5467534015338416,92021,379000,12.84529412258351,0.023503246592531172
0.536639067164217,-0.6688683106684814,-0.17566009877481917,92021,578000,13.267330877756825,0.023503246592531172
-0.32552880350502067,-0.6688683106684814,-0.6162312225349802,92021,575000,13.26212705890841,0.023503246592531172
1.3988069378334547,0.3370193807092769,1.499981466546758,92021,799000,13.591117476312084,0.023503246592531172
0.536639067164217,-0.16592446497960228,-0.03752184290196721,92021,699800,13.458551287894412,0.023503246592531172
0.536639067164217,1.8458509177759144,1.2425048357778326,92021,825500,13.623745753728624,0.023503246592531172
2.2609748085026924,3.857626300531431,3.7886626289372045,92677,3850000,15.163583966004193,1.3686604420356563
0.536639067164217,-0.16592446497960228,2.971276499512045,92677,869000,13.675099554994853,1.3686604420356563
-1.1876966741742583,-0.16592446497960228,-1.1851319686148911,92677,347000,12.757082940769225,1.3686604420356563
0.536639067164217,0.3370193807092769,0.49050959670668587,92677,1349000,14.114874876479462,1.3686604420356563
-0.32552880350502067,0.3370193807092769,-0.441310590837996,92677,685000,13.437175577097312,1.3686604420356563
0.536639067164217,0.839963226398156,0.6008567241790824,92677,1499999,14.22097566607244,1.3686604420356563
-0.32552880350502067,-0.6688683106684814,-0.9235684071988401,92677,469900,13.060277313201007,1.3686604420356563
-0.32552880350502067,-0.16592446497960228,-0.09555625809115353,92677,1199000,13.99699926803766,1.3686604420356563
3.12314267917193,4.36057014622031,0.7357254355342338,92677,1200000,13.997832948091215,1.3686604420356563
-1.1876966741742583,-1.6747560020462398,-1.2472533144512032,92677,324999,12.691580461311874,1.3686604420356563
0.536639067164217,0.839963226398156,0.062199264887902256,92677,895500,13.705138617176864,1.3686604420356563
-0.32552880350502067,0.839963226398156,0.35564088535153454,92677,1399999,14.151982794585487,1.3686604420356563
-2.049864544843496,-1.6747560020462398,-1.2791313734987846,92677,335000,12.721888795877375,1.3686604420356563
-1.1876966741742583,-0.6688683106684814,-0.9758811194820504,92677,389900,12.873648139727594,1.3686604420356563
-1.1876966741742583,-0.6688683106684814,-0.3513981166012285,92677,738000,13.511700458595241,1.3686604420356563
-0.32552880350502067,-0.16592446497960228,-0.44621490761454696,92677,798800,13.590867132400831,1.3686604420356563
-0.32552880350502067,-0.16592446497960228,-0.3391373246598511,92677,895000,13.704580114574805,1.3686604420356563
-0.32552880350502067,-0.6688683106684814,-0.8679861503979293,92677,619000,13.335862167174314,1.3686604420356563
0.536639067164217,0.3370193807092769,0.20360706527845485,92677,1045000,13.85952840031839,1.3686604420356563
-0.32552880350502067,-0.16592446497960228,-0.1830165739396456,92677,750000,13.527829818844937,1.3686604420356563
-0.32552880350502067,-0.16592446497960228,-0.5802662328402731,92677,649900,13.384575322579519,1.3686604420356563
-0.32552880350502067,-0.16592446497960228,-0.11435613906793221,92677,949000,13.76316513133229,1.3686604420356563
-0.32552880350502067,-0.16592446497960228,-0.19609475201044815,92677,728000,13.498057700804253,1.3686604420356563
1.3988069378334547,0.839963226398156,1.53676384237089,92677,1895000,14.45472992420301,1.3686604420356563
0.536639067164217,1.8458509177759144,1.367564913579882,92677,1795000,14.400516137007425,1.3686604420356563
1.3988069378334547,1.342907072087035,0.9188199285254695,92677,1650000,14.316286451937186,1.3686604420356563
-0.32552880350502067,-0.16592446497960228,-0.45520615503822376,96019,219800,12.300477870531845,-0.6792412056633669
-1.1876966741742583,-0.6688683106684814,-1.0698805243659437,96019,22000,9.99884318585288,-0.6792412056633669
0.536639067164217,-0.6688683106684814,-0.3955369675901871,96019,245000,12.409017571151187,-0.6792412056633669
-0.32552880350502067,-1.6747560020462398,-1.0077591785296316,96019,170000,12.04355959836804,-0.6792412056633669
-0.32552880350502067,-0.6688683106684814,-0.8115865074675933,96019,178000,12.08954444723597,-0.6792412056633669
-0.32552880350502067,-0.6688683106684814,-0.6579179151356633,96019,1795000,14.400516137007425,-0.6792412056633669
-0.32552880350502067,-0.6688683106684814,-0.8655339920096539,96019,239900,12.3879816172226,-0.6792412056633669
-0.32552880350502067,-0.6688683106684814,-0.5140579563568353,96019,239900,12.3879816172226,-0.6792412056633669
0.536639067164217,0.839963226398156,0.4373794982940505,96019,449900,13.016782837542953,-0.6792412056633669
0.536639067164217,-0.6688683106684814,-0.4879016002152301,96019,279900,12.5421912482017,-0.6792412056633669
-0.32552880350502067,-0.6688683106684814,-1.1091150585783514,96019,164000,12.00762780434872,-0.6792412056633669
-0.32552880350502067,-0.6688683106684814,-0.5467534015338416,96019,319500,12.674515682685282,-0.6792412056633669
0.536639067164217,-0.16592446497960228,-0.6415701925471601,95220,475000,13.07107218827772,1.3099962974654857
0.536639067164217,0.3370193807092769,0.07936437360583061,95220,915000,13.726680437153236,1.3099962974654857
0.536639067164217,0.3370193807092769,0.9670457101615538,95220,824999,13.623138665316818,1.3099962974654857
0.536639067164217,-0.16592446497960228,0.11696413555938795,95220,699700,13.458408379916904,1.3099962974654857
0.536639067164217,0.3370193807092769,-0.3726501559662826,95220,649000,13.38318953651709,1.3099962974654857
-0.32552880350502067,-0.16592446497960228,0.900837433678116,95220,1449000,14.186384911433706,1.3099962974654857
-0.32552880350502067,0.839963226398156,0.6597085254976939,95220,899900,13.710040036256004,1.3099962974654857
0.536639067164217,0.839963226398156,2.0214738171200097,95220,1999999,14.508657738524219,1.3099962974654857
0.536639067164217,0.3370193807092769,0.3883363305285409,95220,799900,13.592243248992402,1.3099962974654857
0.536639067164217,0.839963226398156,2.1947596765581436,95220,1600000,14.285514812209815,1.3099962974654857
-0.32552880350502067,-0.6688683106684814,-0.8712556949156299,94501,739000,13.513054553109397,0.6677106091420638
-1.1876966741742583,-1.6747560020462398,-1.0625240492011172,94501,629000,13.351888125506433,0.6677106091420638
-2.049864544843496,-1.6747560020462398,-1.3600526003118754,94501,339000,12.733758336210744,0.6677106091420638
-1.1876966741742583,-0.6688683106684814,-0.8598122891036777,94501,750000,13.527829818844937,0.6677106091420638
-0.32552880350502067,-0.6688683106684814,-0.23451190009343065,94501,888000,13.6967281480998,0.6677106091420638
-0.32552880350502067,-1.1718121563573607,-0.6873438157949691,94501,749000,13.52649559761195,0.6677106091420638
-0.32552880350502067,-0.6688683106684814,-0.4707364914973018,94501,895000,13.704580114574805,0.6677106091420638
-1.1876966741742583,-1.1718121563573607,-1.0175678120827334,94501,435000,12.983103608918753,0.6677106091420638
-0.32552880350502067,-0.16592446497960228,-0.14705158424493858,94501,490000,13.102162710901053,0.6677106091420638
-0.32552880350502067,-1.1718121563573607,-0.9088554568691872,94501,599000,13.303018546545275,0.6677106091420638
-1.1876966741742583,-1.6747560020462398,-1.3069225018992399,94501,598000,13.301347705172173,0.6677106091420638
1.3988069378334547,0.839963226398156,0.4202143895761221,94501,1327685,14.098948135277672,0.6677106091420638
2.2609748085026924,1.342907072087035,0.921272086913745,94501,1495000,14.217637433703022,0.6677106091420638
0.536639067164217,0.839963226398156,0.9155503840077688,94501,1895000,14.45472992420301,0.6677106091420638
0.536639067164217,-0.6688683106684814,-0.5974313415582015,94501,899000,13.70903942580019,0.6677106091420638
0.536639067164217,-0.16592446497960228,-0.2819202956000899,94501,825000,13.623139877437296,0.6677106091420638
-0.32552880350502067,-1.1718121563573607,-0.8181255965029945,94501,729000,13.499430382731967,0.6677106091420638
0.536639067164217,-0.16592446497960228,-0.05305217936104524,94501,1188000,13.987782620655215,0.6677106091420638
-1.1876966741742583,-0.6688683106684814,-1.1557060679555855,94501,538800,13.197101579492868,0.6677106091420638
-0.32552880350502067,-0.6688683106684814,-0.7151349441954244,94501,949000,13.76316513133229,0.6677106091420638
-1.1876966741742583,-1.6747560020462398,-1.251340245098329,94501,549000,13.215855541983634,0.6677106091420638
-1.1876966741742583,-1.6747560020462398,-1.2750444428516587,94501,625000,13.345508528717259,0.6677106091420638
-2.049864544843496,-1.6747560020462398,-1.3069225018992399,94501,349000,12.762830066509972,0.6677106091420638
-1.1876966741742583,-0.6688683106684814,-1.1205584643903035,94501,479000,13.079457964073546,0.6677106091420638
-0.32552880350502067,-0.16592446497960228,-0.5720923715460215,94501,875000,13.681980308196241,0.6677106091420638
-0.32552880350502067,-1.1718121563573607,-0.6407528064177349,94501,895000,13.704580114574805,0.6677106091420638
-0.32552880350502067,-0.16592446497960228,-0.5827183912285486,94501,649000,13.38318953651709,0.6677106091420638
-1.1876966741742583,-1.1718121563573607,-1.0698805243659437,94501,739000,13.513054553109397,0.6677106091420638
-1.1876966741742583,-0.16592446497960228,-0.4846320556975295,93446,499000,13.120363378739663,-0.02360094062638883
-0.32552880350502067,0.3370193807092769,-0.0031916254661105083,94501,988000,13.803438988875241,0.6677106091420638
-0.32552880350502067,0.839963226398156,0.2935195395152224,94501,1150000,13.955273369904273,0.6677106091420638
-1.1876966741742583,-1.6747560020462398,-1.025741673376985,94501,649000,13.38318953651709,0.6677106091420638
-1.1876966741742583,-1.6747560020462398,-1.10257596954295,94501,679000,13.428377879293798,0.6677106091420638
-0.32552880350502067,-0.6688683106684814,-0.7780736761611617,94501,619000,13.335862167174314,0.6677106091420638
1.3988069378334547,1.342907072087035,1.12643600539946,94501,1295000,14.07402202531625,0.6677106091420638
-0.32552880350502067,-0.6688683106684814,0.1136945910416873,94501,895000,13.704580114574805,0.6677106091420638
-0.32552880350502067,0.3370193807092769,-0.4094325317904148,94501,995888,13.81139108457306,0.6677106091420638
1.3988069378334547,0.3370193807092769,0.6188392190264359,94501,899000,13.70903942580019,0.6677106091420638
-0.32552880350502067,-0.16592446497960228,-0.5614663518634945,94501,668000,13.41204494952365,0.6677106091420638
-1.1876966741742583,-1.6747560020462398,-1.0061244062707813,94501,599000,13.303018546545275,0.6677106091420638
-0.32552880350502067,-1.1718121563573607,-0.6407528064177349,94501,895000,13.704580114574805,0.6677106091420638
0.536639067164217,-0.16592446497960228,-0.6235876976998066,94501,949000,13.76316513133229,0.6677106091420638
0.536639067164217,0.839963226398156,1.0512364814923454,93111,1749000,14.374555325755864,2.681572864258604
1.3988069378334547,1.8458509177759144,2.1538903700868857,93111,4000000,15.201805169084134,2.681572864258604
-0.32552880350502067,-0.6688683106684814,-0.8148560519852939,93111,599999,13.304684934198283,2.681572864258604
0.536639067164217,-0.6688683106684814,-0.7674476564786347,93111,949000,13.76316513133229,2.681572864258604
-0.32552880350502067,-0.6688683106684814,-0.7502825477607064,93111,1080000,13.8924725250259,2.681572864258604
0.536639067164217,-0.6688683106684814,-0.0497826348433446,93111,1495000,14.217637433703022,2.681572864258604
-1.1876966741742583,-0.6688683106684814,-0.5304056789453384,93105,895000,13.704580114574805,0.9060768835421289
-0.32552880350502067,-0.6688683106684814,-0.46501478859132567,93111,897000,13.706812255867513,2.681572864258604
0.536639067164217,1.8458509177759144,0.39160587504624156,93111,1595000,14.282384921160133,2.681572864258604
-0.32552880350502067,0.839963226398156,-0.39962389823731287,93111,1149000,13.954403427152533,2.681572864258604
-0.32552880350502067,-0.6688683106684814,-0.7273957361368019,93111,769000,13.552847548877052,2.681572864258604
-0.32552880350502067,0.839963226398156,0.6302826248383882,93111,2150000,14.580978865220017,2.681572864258604
1.3988069378334547,0.3370193807092769,0.6727867035684965,92880,567500,13.24899779045068,-0.08911515965648596
1.3988069378334547,2.3487947634647934,1.0921057879636034,92880,579000,13.269059483669357,-0.08911515965648596
1.3988069378334547,2.3487947634647934,1.9487264516011704,92880,749000,13.52649559761195,-0.08911515965648596
1.3988069378334547,1.342907072087035,1.3479476464736782,92880,699000,13.457407451830088,-0.08911515965648596
2.2609748085026924,1.342907072087035,1.5907113269129507,92880,695000,13.451668563394815,-0.08911515965648596
1.3988069378334547,1.342907072087035,0.36299736051636095,92880,635900,13.362798169828567,-0.08911515965648596
2.2609748085026924,1.342907072087035,1.0381583034215427,92880,585000,13.279368835614243,-0.08911515965648596
3.9853105498411674,3.354682454842552,1.213078935118527,92880,580000,13.270785106659046,-0.08911515965648596
0.536639067164217,1.342907072087035,1.1509575892822148,91752,579000,13.269059483669357,-0.11283912635629048
0.536639067164217,0.3370193807092769,0.6940387429335506,92880,547900,13.213849892675416,-0.08911515965648596
1.3988069378334547,0.3370193807092769,1.0724885208573995,92880,570000,13.25339339419516,-0.08911515965648596
1.3988069378334547,0.3370193807092769,0.6825953371215984,92880,568000,13.249878458265119,-0.08911515965648596
1.3988069378334547,1.342907072087035,0.7398123661813595,92880,560000,13.235693848424024,-0.08911515965648596
1.3988069378334547,2.3487947634647934,1.3969908142391878,92880,550000,13.217675375388819,-0.08911515965648596
0.536639067164217,0.3370193807092769,0.4790661908947336,92880,549999,13.217673557208654,-0.08911515965648596
1.3988069378334547,1.342907072087035,0.9278111759491462,92880,545000,13.208542908506082,-0.08911515965648596
1.3988069378334547,0.3370193807092769,0.21014615431385614,92880,539900,13.199141068399515,-0.08911515965648596
1.3988069378334547,0.3370193807092769,0.5469092396370219,92880,539800,13.198955832102303,-0.08911515965648596
2.2609748085026924,1.342907072087035,0.8256379097710013,92880,538000,13.195615697878253,-0.08911515965648596
1.3988069378334547,0.3370193807092769,0.7970293952411207,92880,534977,13.189980903537304,-0.08911515965648596
1.3988069378334547,0.3370193807092769,0.5804220709434534,92880,534888,13.189814527716376,-0.08911515965648596
1.3988069378334547,0.3370193807092769,0.5297441309190936,92880,530000,13.180634172318978,-0.08911515965648596
0.536639067164217,0.3370193807092769,0.5191181112365665,92880,529900,13.180445475627591,-0.08911515965648596
0.536639067164217,0.3370193807092769,0.6343695554855139,92880,529999,13.180632285528304,-0.08911515965648596
0.536639067164217,0.3370193807092769,0.2330329659377606,92880,529900,13.180445475627591,-0.08911515965648596
1.3988069378334547,0.3370193807092769,0.563256962225525,92543,284900,12.55989703048335,-0.9025953819191037
-1.1876966741742583,0.3370193807092769,-0.6031530444641776,92253,550000,13.217675375388819,-0.5613756183482336
-2.049864544843496,-1.6747560020462398,-1.246435928321778,94568,303590,12.623436679795438,-0.8471879329083343
-0.32552880350502067,-0.16592446497960228,-0.05713911000817104,90211,1500000,14.220976332738882,2.6996299414081277
3.9853105498411674,3.354682454842552,2.889537886569529,92040,1350000,14.115615891155079,2.2549473650777148
0.536639067164217,-0.6688683106684814,-0.697152449348071,93720,89900,11.40646434386837,-1.4806827311486406
1.3988069378334547,0.839963226398156,0.6409086445209152,92880,515000,13.151924121391561,-0.08911515965648596
-0.32552880350502067,0.3370193807092769,-0.21652940524607714,92692,700200,13.459122715665064,0.2762581279328208
0.536639067164217,0.3370193807092769,0.13494663040674146,93924,1150000,13.955273369904273,1.6620372633038307
0.536639067164217,0.3370193807092769,-0.06367819904357232,90265,1695000,14.343193888767015,3.2777172906376646
-1.1876966741742583,-0.6688683106684814,-0.7045089245128974,92692,664900,13.407393436374978,0.2762581279328208
-0.32552880350502067,-0.6688683106684814,-0.9448204465638943,92253,250000,12.429220196836383,-0.5613756183482336
0.536639067164217,-0.6688683106684814,-0.09392148583230321,93314,310000,12.644330802262578,-0.8281851641464814
2.2609748085026924,1.342907072087035,1.5907113269129507,92880,695000,13.451668563394815,-0.08911515965648596
0.536639067164217,1.342907072087035,0.07772960134698029,90038,1550000,14.253766134056512,2.8478574668515986
1.3988069378334547,0.3370193807092769,0.9392545817610984,92880,649990,13.384713795622115,-0.08911515965648596
0.536639067164217,0.3370193807092769,-0.0881997829263271,90803,1299000,14.07710606547538,2.1037552891253744
0.536639067164217,0.3370193807092769,0.4128579144112957,92880,489000,13.100119813444692,-0.08911515965648596
-0.32552880350502067,-1.1718121563573607,-0.7886996958436888,95008,999000,13.81451105863119,1.2143901364645484
1.3988069378334547,0.3370193807092769,0.13739878879501694,94565,540000,13.199326270390594,-0.14633854710651492
0.536639067164217,0.3370193807092769,0.527291972530818,92880,490000,13.102162710901053,-0.08911515965648596
-0.32552880350502067,-0.16592446497960228,-0.8532732000682764,91915,360000,12.793862088206213,-0.6799576387030104
-0.32552880350502067,0.3370193807092769,-0.37591970048398327,92880,448000,13.012550743537489,-0.08911515965648596
2.2609748085026924,1.342907072087035,1.5907113269129507,92880,669472,13.41424611469671,-0.08911515965648596
0.536639067164217,0.3370193807092769,0.3760755385871635,91752,549900,13.217493541006709,-0.11283912635629048
0.536639067164217,0.3370193807092769,0.17499855074857426,92880,520000,13.161586013632684,-0.08911515965648596
0.536639067164217,1.342907072087035,0.43165779538807436,92880,520000,13.161586013632684,-0.08911515965648596
0.536639067164217,0.3370193807092769,0.6000393380496573,92880,519900,13.161393687816775,-0.08911515965648596
0.536639067164217,2.3487947634647934,0.7700556529700904,92880,519900,13.161393687816775,-0.08911515965648596
-0.32552880350502067,0.3370193807092769,0.001712691310440449,92880,529000,13.178745601197818,-0.08911515965648596
1.3988069378334547,1.342907072087035,1.3136174290378215,91752,525000,13.171155446333852,-0.11283912635629048
0.536639067164217,0.3370193807092769,0.527291972530818,92880,525000,13.171155446333852,-0.08911515965648596
1.3988069378334547,2.3487947634647934,1.1861051928474966,92880,589900,13.287710005192306,-0.08911515965648596
-1.1876966741742583,-0.6688683106684814,-0.9914114559411283,92276,96900,11.481445117743048,-1.3783571792553102
-1.1876966741742583,-1.1718121563573607,-0.461745244073625,92276,163000,12.001511614739405,-1.3783571792553102
-1.1876966741742583,-0.6688683106684814,-0.2688421175292874,92276,175000,12.07254696717504,-1.3783571792553102
-1.1876966741742583,-0.6688683106684814,-0.8344733190914978,92276,98000,11.49273296168228,-1.3783571792553102
-1.1876966741742583,-1.6747560020462398,-1.0339155346712368,92276,36000,10.491301994830229,-1.3783571792553102
-1.1876966741742583,-0.6688683106684814,-0.9129423875163131,92276,115000,11.652696102959753,-1.3783571792553102
-1.1876966741742583,-0.6688683106684814,-0.805047418432192,92276,125000,11.736077016252437,-1.3783571792553102
-1.1876966741742583,-0.6688683106684814,-1.148349592790759,92276,100000,11.51293546492023,-1.3783571792553102
-0.32552880350502067,-0.6688683106684814,-0.8148560519852939,92276,193000,12.170450649220749,-1.3783571792553102
-0.32552880350502067,-0.6688683106684814,0.34583225179843263,92276,385000,12.861001210669146,-1.3783571792553102
1.3988069378334547,0.5884913035537165,0.6409086445209152,92880,515000,13.151924121391561,-0.08911515965648596
0.536639067164217,2.3487947634647934,1.2008181431771494,92880,530000,13.180634172318978,-0.08911515965648596
1.3988069378334547,0.3370193807092769,1.1460532725056638,92880,567000,13.248116346376765,-0.08911515965648596
1.3988069378334547,0.839963226398156,0.6409086445209152,92880,500000,13.122365377402328,-0.08911515965648596
1.3988069378334547,1.342907072087035,0.9809412743617816,92880,537000,13.19375523568666,-0.08911515965648596
2.2609748085026924,0.839963226398156,1.0218105808330396,92880,647000,13.380103119076898,-0.08911515965648596
1.3988069378334547,2.3487947634647934,1.3479476464736782,92880,542000,13.20302312543853,-0.08911515965648596
1.3988069378334547,2.3487947634647934,1.2008181431771494,92880,565000,13.244582780038517,-0.08911515965648596
0.536639067164217,0.3370193807092769,0.9866629772677576,92880,535000,13.190023895035274,-0.08911515965648596
0.536639067164217,0.3370193807092769,0.4128579144112957,92880,489000,13.100119813444692,-0.08911515965648596
0.536639067164217,0.3370193807092769,0.16764207558374783,92880,510000,13.1421679654829,-0.08911515965648596
0.536639067164217,-0.16592446497960228,-0.06531297130242263,93510,560000,13.235693848424024,0.11496316030130425
-0.32552880350502067,-0.6688683106684814,0.26654579724419214,93510,675000,13.42246945133505,0.11496316030130425
-0.32552880350502067,-0.16592446497960228,0.10225118522973507,93510,450000,13.017005083966255,0.11496316030130425
-0.32552880350502067,-0.6688683106684814,-0.16748623748056757,93510,409900,12.923670946108873,0.11496316030130425
-0.32552880350502067,-0.16592446497960228,-0.03180013999599109,93510,553000,13.223115088821102,0.11496316030130425
-0.32552880350502067,-0.16592446497960228,-0.08574762453805163,93510,470000,13.060490101343552,0.11496316030130425
-0.32552880350502067,-1.6747560020462398,-0.8401950219974739,93510,335000,12.721888795877375,0.11496316030130425
-1.1876966741742583,-1.6747560020462398,-1.2104709386270711,93510,400000,12.899222326086994,0.11496316030130425
0.536639067164217,0.3370193807092769,0.5084920915540394,93510,615000,13.329379172803593,0.11496316030130425
-0.32552880350502067,-0.6688683106684814,-0.7265783500073767,93510,485000,13.091906231773164,0.11496316030130425
1.3988069378334547,0.3370193807092769,0.5052225470363387,93510,479000,13.079457964073546,0.11496316030130425
1.3988069378334547,1.342907072087035,0.680960564862748,93510,695000,13.451668563394815,0.11496316030130425
-0.32552880350502067,-0.6688683106684814,-0.922751021069415,93510,221000,12.30592250537653,0.11496316030130425
0.536639067164217,-0.6688683106684814,-0.4641974024619005,93510,450000,13.017005083966255,0.11496316030130425
-0.32552880350502067,-0.6688683106684814,-0.7854301513259881,93510,195000,12.180759965737863,0.11496316030130425
-0.32552880350502067,-0.6688683106684814,-0.9129423875163131,93510,240000,12.388398368982115,0.11496316030130425
1.3988069378334547,0.3370193807092769,0.655621594850568,93510,599900,13.304519920584285,0.11496316030130425
2.2609748085026924,1.342907072087035,1.0953753324813038,93510,765000,13.547632419997361,0.11496316030130425
0.536639067164217,-0.16592446497960228,-0.0023742393366853486,93510,539900,13.199141068399515,0.11496316030130425
0.536639067164217,-0.6688683106684814,-0.0922867135734529,93510,585000,13.279368835614243,0.11496316030130425
-0.32552880350502067,-0.6688683106684814,0.31640635113912685,93510,570000,13.25339339419516,0.11496316030130425
0.536639067164217,-0.6688683106684814,-0.16748623748056757,93510,384000,12.85840043573314,0.11496316030130425
-0.32552880350502067,1.342907072087035,0.7741425836172162,93510,759000,13.539758373899955,0.11496316030130425
-0.32552880350502067,-0.6688683106684814,-0.04079138741966785,93510,499000,13.120363378739663,0.11496316030130425
-1.1876966741742583,-0.6688683106684814,-0.8344733190914978,92276,154900,11.950541482162043,-1.3783571792553102
-1.1876966741742583,-0.6688683106684814,-0.4453975214851218,92276,225000,12.323860125621126,-1.3783571792553102
-1.1876966741742583,-0.6688683106684814,-0.9914114559411283,92276,138500,11.83863282480007,-1.3783571792553102
-1.1876966741742583,-0.6688683106684814,-0.7560042506666824,92276,97500,11.487617913343598,-1.3783571792553102
-1.1876966741742583,-0.6688683106684814,-0.2860072262472157,92276,219000,12.296831574998258,-1.3783571792553102
-1.1876966741742583,-0.6688683106684814,-0.9129423875163131,92276,103500,11.547336553476635,-1.3783571792553102
-1.1876966741742583,-0.6688683106684814,-0.6268572422175073,92276,136900,11.827013315851762,-1.3783571792553102
-1.1876966741742583,-0.6688683106684814,-0.9717941888349245,92276,135000,11.813037464800539,-1.3783571792553102
-1.1876966741742583,-0.16592446497960228,-1.148349592790759,92276,135000,11.813037464800539,-1.3783571792553102
-0.32552880350502067,-0.6688683106684814,-0.7216740332308258,92276,158888,11.975961124200325,-1.3783571792553102
-1.1876966741742583,-0.6688683106684814,-0.9914114559411283,92276,74900,11.223922520551032,-1.3783571792553102
-1.1876966741742583,-0.6688683106684814,-0.8344733190914978,92276,69900,11.154835234271214,-1.3783571792553102
-0.32552880350502067,-0.6688683106684814,-0.9129423875163131,92276,139500,11.845827048676645,-1.3783571792553102
-0.32552880350502067,-0.6688683106684814,-0.7249435777485264,92276,219900,12.300932724054114,-1.3783571792553102
-1.1876966741742583,-0.6688683106684814,-0.9914114559411283,92276,99900,11.511934974596555,-1.3783571792553102
-1.1876966741742583,-0.6688683106684814,-1.0829587024367462,92276,59900,11.000448478455008,-1.3783571792553102
-1.1876966741742583,-0.6688683106684814,-1.1156541476137527,92276,118900,11.686046493072437,-1.3783571792553102
-1.1876966741742583,-0.6688683106684814,-0.7560042506666824,92276,106000,11.571203807011969,-1.3783571792553102
-1.1876966741742583,-0.6688683106684814,-0.8344733190914978,92276,67500,11.119897691565697,-1.3783571792553102
-1.1876966741742583,-0.6688683106684814,-0.5925270247816505,92276,104950,11.561248853550216,-1.3783571792553102
-1.1876966741742583,-0.6688683106684814,-0.6432049648060104,92276,97000,11.48247656671073,-1.3783571792553102
-1.1876966741742583,-0.6688683106684814,-0.697152449348071,92276,98900,11.501874628783144,-1.3783571792553102
-1.1876966741742583,-0.6688683106684814,-0.9914114559411283,92276,99900,11.511934974596555,-1.3783571792553102
-1.1876966741742583,-1.1718121563573607,-1.0698805243659437,92276,79900,11.288543647320601,-1.3783571792553102
-1.1876966741742583,-0.6688683106684814,-0.3554850472483543,92276,164900,12.013100572810686,-1.3783571792553102
-1.1876966741742583,-0.6688683106684814,-0.9194814765517143,92276,117000,11.669937760751914,-1.3783571792553102
0.536639067164217,-0.6688683106684814,-0.4077977595315645,92276,256000,12.45293662970407,-1.3783571792553102
-1.1876966741742583,-0.6688683106684814,-1.148349592790759,92276,61000,11.0186455364637,-1.3783571792553102
-1.1876966741742583,-0.6688683106684814,-0.7985083293967907,92276,167400,12.02814741073532,-1.3783571792553102
-1.1876966741742583,-0.6688683106684814,-0.9914114559411283,92276,97500,11.487617913343598,-1.3783571792553102
-1.1876966741742583,-1.6747560020462398,-1.148349592790759,92276,63500,11.05881093278828,-1.3783571792553102
-0.32552880350502067,-0.6688683106684814,-0.9521769217287207,92276,225000,12.323860125621126,-1.3783571792553102
-1.1876966741742583,-0.6688683106684814,-0.7560042506666824,92276,77000,11.251573687764477,-1.3783571792553102
-1.1876966741742583,-0.6688683106684814,-0.9129423875163131,92276,114500,11.648338835562747,-1.3783571792553102
-1.1876966741742583,-0.6688683106684814,-0.9914114559411283,92276,96500,11.477308649967686,-1.3783571792553102
-1.1876966741742583,-0.6688683106684814,-1.148349592790759,92276,79900,11.288543647320601,-1.3783571792553102
-0.32552880350502067,-0.6688683106684814,-0.7911518542319643,92276,248500,12.423202148655593,-1.3783571792553102
-1.1876966741742583,-0.6688683106684814,-0.9129423875163131,92276,117500,11.674202123168433,-1.3783571792553102
-1.1876966741742583,-0.6688683106684814,-0.9129423875163131,92276,79900,11.288543647320601,-1.3783571792553102
-1.1876966741742583,-0.6688683106684814,-0.8344733190914978,92276,84900,11.349241150793087,-1.3783571792553102
-1.1876966741742583,-0.6688683106684814,-0.7560042506666824,92276,84900,11.349241150793087,-1.3783571792553102
-0.32552880350502067,-0.16592446497960228,0.22812864916120965,92276,379500,12.846612510860464,-1.3783571792553102
-1.1876966741742583,-0.6688683106684814,-1.0993064250252496,92276,74900,11.223922520551032,-1.3783571792553102
-1.1876966741742583,-0.6688683106684814,-0.6252224699586569,92276,147000,11.898194668458823,-1.3783571792553102
-1.1876966741742583,-0.6688683106684814,-0.2786507510823893,92276,214900,12.277932735946903,-1.3783571792553102
-1.1876966741742583,-1.6747560020462398,-1.2954790960872877,92276,67900,11.125806040978839,-1.3783571792553102
-0.32552880350502067,-0.6688683106684814,-0.7911518542319643,92276,199000,12.201065128819632,-1.3783571792553102
-1.1876966741742583,-0.6688683106684814,-0.6709960932064658,92276,124900,11.735276702486741,-1.3783571792553102
-1.1876966741742583,-0.6688683106684814,-0.8148560519852939,92276,69800,11.153403615295403,-1.3783571792553102
-1.1876966741742583,-0.6688683106684814,-0.6056052028524531,92276,185000,12.128116509451258,-1.3783571792553102
-2.049864544843496,-1.1718121563573607,-0.7560042506666824,92276,87500,11.37940550085183,-1.3783571792553102
-1.1876966741742583,-0.6688683106684814,-0.42904979889661865,92276,160000,11.982935344196433,-1.3783571792553102
-0.32552880350502067,-0.6688683106684814,-0.7445608448547302,92276,122500,11.715874472198905,-1.3783571792553102
-1.1876966741742583,-0.6688683106684814,-1.0829587024367462,92276,67900,11.125806040978839,-1.3783571792553102
-1.1876966741742583,-0.6688683106684814,-0.8859686452452828,92276,139000,11.842236406331555,-1.3783571792553102
-1.1876966741742583,-0.6688683106684814,-0.9914114559411283,92276,84900,11.349241150793087,-1.3783571792553102
-1.1876966741742583,-0.6688683106684814,-0.9914114559411283,92276,99000,11.502885230075814,-1.3783571792553102
-1.1876966741742583,-0.6688683106684814,-0.6775351822418672,92276,69900,11.154835234271214,-1.3783571792553102
-1.1876966741742583,-1.6747560020462398,-1.148349592790759,92276,49900,10.817796321618971,-1.3783571792553102
-1.1876966741742583,-0.6688683106684814,-0.7560042506666824,92276,154500,11.947955847790901,-1.3783571792553102
-1.1876966741742583,-0.6688683106684814,-0.8344733190914978,92276,129900,11.774527900858468,-1.3783571792553102
-0.32552880350502067,-0.6688683106684814,-0.7012393799951967,92276,235000,12.367345048436391,-1.3783571792553102
-0.32552880350502067,-0.6688683106684814,-0.48953637247408044,92276,129000,11.767575435251748,-1.3783571792553102
-1.1876966741742583,-0.6688683106684814,-0.7560042506666824,92276,83900,11.3373928113354,-1.3783571792553102
-1.1876966741742583,-0.6688683106684814,-0.34731118595410265,92276,129500,11.771443882099637,-1.3783571792553102
-0.32552880350502067,-0.6688683106684814,0.4954139134832368,93446,2395000,14.6888942063636,-0.02360094062638883
-1.1876966741742583,-0.6688683106684814,-0.7331174390427779,92276,125000,11.736077016252437,-1.3783571792553102
-1.1876966741742583,0.3370193807092769,-0.886786031374708,92276,69900,11.154835234271214,-1.3783571792553102
-1.1876966741742583,-0.6688683106684814,-1.148349592790759,92276,69500,11.149096419938578,-1.3783571792553102
-1.1876966741742583,-0.6688683106684814,-0.5925270247816505,92276,79500,11.283524879179666,-1.3783571792553102
-1.1876966741742583,-0.6688683106684814,-1.0698805243659437,92276,68500,11.134603622683905,-1.3783571792553102
-1.1876966741742583,-0.6688683106684814,-0.8344733190914978,92276,117500,11.674202123168433,-1.3783571792553102
-0.32552880350502067,-0.6688683106684814,-0.45684092729707404,92276,179000,12.095146671399466,-1.3783571792553102
-1.1876966741742583,-0.6688683106684814,-0.8344733190914978,92276,89500,11.402005077384885,-1.3783571792553102
-1.1876966741742583,-0.6688683106684814,-1.0175678120827334,92276,72000,11.184435286790631,-1.3783571792553102
-1.1876966741742583,-0.6688683106684814,-0.8344733190914978,92276,104900,11.560772327227417,-1.3783571792553102
-0.32552880350502067,-0.6688683106684814,-0.8083169629498926,92276,174900,12.071975378543236,-1.3783571792553102
-0.32552880350502067,-0.6688683106684814,-0.7560042506666824,92276,169900,12.042971193457888,-1.3783571792553102
-1.1876966741742583,-0.6688683106684814,-0.7184044887131251,92276,154000,11.944714374881176,-1.3783571792553102
-0.32552880350502067,-0.6688683106684814,-0.6579179151356633,92276,189000,12.149507585033072,-1.3783571792553102
-1.1876966741742583,-0.6688683106684814,-0.7560042506666824,92276,62500,11.042937835596494,-1.3783571792553102
-1.1876966741742583,-0.6688683106684814,-0.5255013621687874,92276,174500,12.069685751267224,-1.3783571792553102
-1.1876966741742583,-0.6688683106684814,-0.8344733190914978,92276,139000,11.842236406331555,-1.3783571792553102
-1.1876966741742583,-0.6688683106684814,-0.9129423875163131,92276,50000,10.819798284210286,-1.3783571792553102
-1.1876966741742583,-0.6688683106684814,-0.7560042506666824,92276,94900,11.460589521950299,-1.3783571792553102
-1.1876966741742583,-0.6688683106684814,-1.0993064250252496,92276,42900,10.666650414667744,-1.3783571792553102
-1.1876966741742583,-1.6747560020462398,-1.1156541476137527,92276,67000,11.112462823634855,-1.3783571792553102
-1.1876966741742583,-0.6688683106684814,-0.7560042506666824,92276,99900,11.511934974596555,-1.3783571792553102
-1.1876966741742583,-0.6688683106684814,-0.5598315796046441,92276,69500,11.149096419938578,-1.3783571792553102
-1.1876966741742583,-0.6688683106684814,-0.7560042506666824,92276,99000,11.502885230075814,-1.3783571792553102
-1.1876966741742583,-0.6688683106684814,-0.7560042506666824,92276,110000,11.608244735642321,-1.3783571792553102
0.536639067164217,0.3370193807092769,0.07282528457042933,93510,5858000,15.583318977076527,0.11496316030130425
-0.32552880350502067,-0.6688683106684814,-0.0154524174074879,93510,557000,13.230322314239945,0.11496316030130425
0.536639067164217,1.342907072087035,0.726734188110557,93510,674900,13.422321292431393,0.11496316030130425
-0.32552880350502067,-0.6688683106684814,-0.7494651616312812,93510,349000,12.762830066509972,0.11496316030130425
-0.32552880350502067,-0.6688683106684814,-0.5156927286156855,93510,265000,12.487488878546145,0.11496316030130425
0.536639067164217,0.839963226398156,0.8305422265475522,93510,725000,13.493928313146206,0.11496316030130425
0.536639067164217,-0.6688683106684814,-0.0759389909849497,93510,559000,13.233906541044401,0.11496316030130425
-0.32552880350502067,-0.6688683106684814,0.7855859894291685,93510,549000,13.215855541983634,0.11496316030130425
-0.32552880350502067,-0.6688683106684814,-0.7004219938657716,93510,449000,13.014780393893403,0.11496316030130425
0.536639067164217,0.3370193807092769,1.034888758903842,93510,699900,13.45869417545215,0.11496316030130425
-0.32552880350502067,-0.16592446497960228,0.37525815245773836,93510,569000,13.251637470576167,0.11496316030130425
0.536639067164217,-0.6688683106684814,-0.3260591465890485,93510,530000,13.180634172318978,0.11496316030130425
-0.32552880350502067,-0.6688683106684814,-0.7993257155262159,93510,395000,12.886643575525625,0.11496316030130425
-0.32552880350502067,0.3370193807092769,0.12840754137134017,93510,705000,13.465954500233115,0.11496316030130425
-0.32552880350502067,-0.6688683106684814,-0.22061633589320295,93510,479000,13.079457964073546,0.11496316030130425
-0.32552880350502067,-0.6688683106684814,-0.35385027498950394,93510,309900,12.644008170618003,0.11496316030130425
0.536639067164217,0.3370193807092769,1.029167055997866,93510,698777,13.457088374204954,0.11496316030130425
-0.32552880350502067,0.3370193807092769,0.3948754195639422,93510,547900,13.213849892675416,0.11496316030130425
-0.32552880350502067,-0.6688683106684814,-0.9914114559411283,93510,425000,12.959846800844963,0.11496316030130425
0.536639067164217,0.3370193807092769,-0.604787816723028,93510,639000,13.367661298303675,0.11496316030130425
0.536639067164217,-0.6688683106684814,-0.5295882928159132,93510,494000,13.11029282045951,0.11496316030130425
0.536639067164217,1.342907072087035,0.6989430597101015,93510,699000,13.457407451830088,0.11496316030130425
1.3988069378334547,0.839963226398156,0.798664167499971,93510,639000,13.367661298303675,0.11496316030130425
-0.32552880350502067,0.3370193807092769,0.35564088535153454,93510,630000,13.353476685668044,0.11496316030130425
-0.32552880350502067,0.3370193807092769,-0.0023742393366853486,93510,541000,13.201176406255746,0.11496316030130425
-0.32552880350502067,-0.6688683106684814,-0.24840746429365837,93510,529000,13.178745601197818,0.11496316030130425
0.536639067164217,1.342907072087035,0.9457936707964997,93510,680000,13.429849547739444,0.11496316030130425
-1.1876966741742583,-1.6747560020462398,-0.8540905861977016,93510,520000,13.161586013632684,0.11496316030130425
-0.32552880350502067,0.3370193807092769,-0.007278556113236306,93510,710000,13.47302165746721,0.11496316030130425
-0.32552880350502067,0.3370193807092769,0.3621799743869358,93510,599999,13.304684934198283,0.11496316030130425
-1.1876966741742583,-0.6688683106684814,-1.0674283659776682,93510,445000,13.005831808336863,0.11496316030130425
0.536639067164217,0.3370193807092769,0.3343888459864804,93510,599500,13.303852921505028,0.11496316030130425
-0.32552880350502067,-0.16592446497960228,-0.3056244933534195,93510,515000,13.151924121391561,0.11496316030130425
0.536639067164217,1.342907072087035,0.5436396951193212,93510,759000,13.539758373899955,0.11496316030130425
0.536639067164217,-0.6688683106684814,-0.3669284530603065,93510,549950,13.217584462330732,0.11496316030130425
2.2609748085026924,2.3487947634647934,1.4100689923099903,93510,859000,13.663525365110068,0.11496316030130425
-0.32552880350502067,-0.6688683106684814,-0.7886996958436888,93446,139900,11.848690308590857,-0.02360094062638883
-0.32552880350502067,-0.6688683106684814,-0.3481285720835278,93446,575000,13.26212705890841,-0.02360094062638883
0.536639067164217,0.3370193807092769,-0.20181645491642428,93446,489900,13.101958608857487,-0.02360094062638883
-0.32552880350502067,-0.6688683106684814,-0.34731118595410265,93446,530000,13.180634172318978,-0.02360094062638883
5.709646291179643,3.354682454842552,1.4901728329936559,93446,629000,13.351888125506433,-0.02360094062638883
-0.32552880350502067,-1.1718121563573607,-1.05026325725974,93446,325000,12.691583538230217,-0.02360094062638883
-0.32552880350502067,-0.6688683106684814,-0.9766985056114755,93446,235000,12.367345048436391,-0.02360094062638883
-0.32552880350502067,0.3370193807092769,0.02051257228721912,93446,769000,13.552847548877052,-0.02360094062638883
-0.32552880350502067,-0.6688683106684814,-0.7323000529133528,93446,299900,12.611207699176356,-0.02360094062638883
0.536639067164217,0.3370193807092769,-0.7102306274188736,93446,515000,13.151924121391561,-0.02360094062638883
0.536639067164217,-0.16592446497960228,0.27308488627959343,93446,629000,13.351888125506433,-0.02360094062638883
-0.32552880350502067,0.3370193807092769,-0.1871035045867714,93446,689000,13.442998001373553,-0.02360094062638883
1.3988069378334547,-0.6688683106684814,0.14639003621869368,93446,599000,13.303018546545275,-0.02360094062638883
0.536639067164217,0.839963226398156,-0.22470326654032874,93446,499000,13.120363378739663,-0.02360094062638883
-1.1876966741742583,-0.6688683106684814,-0.9129423875163131,93446,175000,12.07254696717504,-0.02360094062638883
0.536639067164217,1.342907072087035,1.8269359183168217,93446,1250000,14.038654909278163,-0.02360094062638883
-0.32552880350502067,-0.6688683106684814,-0.5336752234630391,93446,310000,12.644330802262578,-0.02360094062638883
-0.32552880350502067,-0.6688683106684814,-0.36365890854260585,93446,625000,13.345508528717259,-0.02360094062638883
-0.32552880350502067,-0.6688683106684814,-0.5393969263690152,93446,499500,13.121364879070743,-0.02360094062638883
-1.1876966741742583,-0.6688683106684814,-0.5091536395802843,93446,975000,13.790193775620484,-0.02360094062638883
0.536639067164217,0.839963226398156,0.6016741103085076,93446,895000,13.704580114574805,-0.02360094062638883
-1.1876966741742583,-0.6688683106684814,-1.0698805243659437,93446,179900,12.100161978566867,-0.02360094062638883
-1.1876966741742583,-0.6688683106684814,-0.9603507830229723,93446,739900,13.51427167244672,-0.02360094062638883
-0.32552880350502067,-0.6688683106684814,-0.7805258345494372,93446,330000,12.706850963741102,-0.02360094062638883
-0.32552880350502067,-0.6688683106684814,-0.4437627492262715,93446,510000,13.1421679654829,-0.02360094062638883
-0.32552880350502067,-0.6688683106684814,-0.1364255645624115,93446,625000,13.345508528717259,-0.02360094062638883
-1.1876966741742583,-0.6688683106684814,-1.0437241682243386,93446,280000,12.54254845357358,-0.02360094062638883
-1.1876966741742583,-0.6688683106684814,-1.0437241682243386,93446,265000,12.487488878546145,-0.02360094062638883
2.2609748085026924,2.8517386091536725,2.1538903700868857,93446,2200000,14.603968372873895,-0.02360094062638883
-1.1876966741742583,-0.6688683106684814,-1.0437241682243386,93446,275000,12.524530013005734,-0.02360094062638883
-1.1876966741742583,-0.6688683106684814,-1.1973927605562686,93446,125000,11.736077016252437,-0.02360094062638883
-1.1876966741742583,-0.6688683106684814,-0.6759004099830168,93446,699500,13.458122502679217,-0.02360094062638883
-0.32552880350502067,-0.6688683106684814,-0.5925270247816505,93446,425000,12.959846800844963,-0.02360094062638883
-0.32552880350502067,-0.6688683106684814,-0.20999031621067588,93446,439000,12.992256969959042,-0.02360094062638883
-1.1876966741742583,-1.6747560020462398,-1.234992522509826,93446,179000,12.095146671399466,-0.02360094062638883
0.536639067164217,0.3370193807092769,0.20605922366673032,93446,579500,13.269922667385995,-0.02360094062638883
2.2609748085026924,1.8458509177759144,1.6520152866198377,93446,759000,13.539758373899955,-0.02360094062638883
-0.32552880350502067,-0.6688683106684814,-0.6497440538414117,93446,435000,12.983103608918753,-0.02360094062638883
-1.1876966741742583,-0.6688683106684814,-0.9055859123514867,93446,380000,12.847929163278053,-0.02360094062638883
0.536639067164217,-0.6688683106684814,-0.2394162168699816,93446,429900,12.971310228604022,-0.02360094062638883
-1.1876966741742583,-0.6688683106684814,-0.12416477262103412,93446,585000,13.279368835614243,-0.02360094062638883
-0.32552880350502067,-0.16592446497960228,-0.7069610829011729,93446,319000,12.672949516558306,-0.02360094062638883
0.536639067164217,1.342907072087035,0.5191181112365665,93446,1495000,14.217637433703022,-0.02360094062638883
-0.32552880350502067,-0.6688683106684814,-0.028530595478290455,93446,599900,13.304519920584285,-0.02360094062638883
-0.32552880350502067,-0.16592446497960228,-0.8385602497386235,93446,344900,12.751012698311857,-0.02360094062638883
-0.32552880350502067,-0.6688683106684814,-0.7298478945250774,93446,309995,12.644314673152275,-0.02360094062638883
0.536639067164217,1.342907072087035,0.25837193594994057,93446,572000,13.256896018612155,-0.02360094062638883
-0.32552880350502067,-0.16592446497960228,-0.3513981166012285,92802,695000,13.451668563394815,-0.1585920225431753
-0.32552880350502067,-0.6688683106684814,-0.7306652806545025,92802,525000,13.171155446333852,-0.1585920225431753
-0.32552880350502067,-0.6688683106684814,-0.9129423875163131,92802,78000,11.264476926102367,-0.1585920225431753
-0.32552880350502067,-1.1718121563573607,-0.9407335159167685,92802,424900,12.959611479595074,-0.1585920225431753
0.536639067164217,0.3370193807092769,-0.3947195814607619,92802,825000,13.623139877437296,-0.1585920225431753
-1.1876966741742583,-0.16592446497960228,-1.1262801672962797,92802,475000,13.07107218827772,-0.1585920225431753
0.536639067164217,0.3370193807092769,-0.6203181531821059,92802,850000,13.652992804936396,-0.1585920225431753
-0.32552880350502067,-0.16592446497960228,-0.6628222319122142,92802,409900,12.923670946108873,-0.1585920225431753
-0.32552880350502067,-0.16592446497960228,-0.5295882928159132,92802,540000,13.199326270390594,-0.1585920225431753
0.536639067164217,-0.6688683106684814,-0.7273957361368019,94531,385000,12.861001210669146,-0.4470249548356845
-0.32552880350502067,-0.6688683106684814,-1.0731500688836444,94531,195000,12.180759965737863,-0.4470249548356845
0.536639067164217,0.3370193807092769,-0.009730714501511785,94531,458000,13.034626646500051,-0.4470249548356845
0.536639067164217,-0.16592446497960228,0.046668928428824225,94531,468000,13.056225711649638,-0.4470249548356845
-0.32552880350502067,-0.16592446497960228,0.2330329659377606,94531,458000,13.034626646500051,-0.4470249548356845
0.536639067164217,-0.16592446497960228,-0.43640627406144505,94531,389000,12.871337193291367,-0.4470249548356845
0.536639067164217,-0.6688683106684814,-0.025261050960589816,94531,460000,13.038983942375959,-0.4470249548356845
1.3988069378334547,0.3370193807092769,-0.15195590102148954,94531,430000,12.971542813248437,-0.4470249548356845
0.536639067164217,-0.16592446497960228,-0.574544529934297,94531,329900,12.706547888433661,-0.4470249548356845
0.536639067164217,0.3370193807092769,-0.4903537586035056,94531,349900,12.765405536311112,-0.4470249548356845
-0.32552880350502067,-0.6688683106684814,-0.2884593846354912,94531,454999,13.028052697933088,-0.4470249548356845
3.12314267917193,1.342907072087035,1.2310614299658804,94531,569950,13.253305671203258,-0.4470249548356845
1.3988069378334547,0.3370193807092769,1.0741232931162497,94531,525000,13.171155446333852,-0.4470249548356845
0.536639067164217,-0.16592446497960228,-0.46664956085017595,94531,380000,12.847929163278053,-0.4470249548356845
0.536639067164217,0.839963226398156,0.8624202855951334,94531,550000,13.217675375388819,-0.4470249548356845
0.536639067164217,0.3370193807092769,0.11532936330053763,94531,449950,13.016893966928787,-0.4470249548356845
0.536639067164217,-0.16592446497960228,-0.10536489164425546,94531,495000,13.112315061750808,-0.4470249548356845
1.3988069378334547,-0.6688683106684814,-0.24432053364653258,94531,399900,12.89897229545694,-0.4470249548356845
0.536639067164217,0.839963226398156,5.86155385315941,94531,460000,13.038983942375959,-0.4470249548356845
-0.32552880350502067,-0.6688683106684814,-0.28682461237664086,94531,407000,12.91657092142417,-0.4470249548356845
0.536639067164217,0.3370193807092769,-0.043243545807943325,94531,419000,12.945628585536271,-0.4470249548356845
1.3988069378334547,0.3370193807092769,1.1697574702589935,94531,615000,13.329379172803593,-0.4470249548356845
